user_id,name,email,signup_date,country
1,Ines Tanaka,ines.tanaka1@demo.io,2025-02-06,US
2,Ari Kim,ari.kim2@example.com,2025-02-05,KR
3,Nora Hall,nora.hall3@quikmail.dev,2024-08-23,SE
4,Bo Rossi,bo.rossi4@mail.test,2024-08-24,US
5,Maya Hassan,maya.hassan5@quikmail.dev,2024-08-07,TR
6,Noa Taylor,noa.taylor6@mail.test,2024-11-16,SE
7,Lin Nadia,lin.nadia7@mail.test,2024-08-02,CN
8,Theo Maruyama,theo.maruyama8@mail.test,2024-10-11,FR
9,Lior Young,lior.young9@example.com,2024-08-27,FR
10,Ren Hopper,ren.hopper10@quikmail.dev,2024-10-28,MX
11,Ines Rossi,ines.rossi11@example.com,2024-12-16,CA
12,Ren Aziz,ren.aziz12@quikmail.dev,2024-10-15,SE
13,Sho Karim,sho.karim13@example.com,2025-01-28,JP
14,Jordan Johnson,jordan.johnson14@demo.io,2025-02-14,NO
15,Morgan Kim,morgan.kim15@demo.io,2024-11-06,BR
16,Anya Brown,anya.brown16@demo.io,2024-09-11,MX
17,Hana Lopez,hana.lopez17@example.com,2025-01-27,CN
18,Aya Brown,aya.brown18@mail.test,2024-12-15,EG
19,Sasha Kato,sasha.kato19@quikmail.dev,2024-10-09,ES
20,Maya Wilson,maya.wilson20@example.com,2025-02-13,FR
21,Maya Rossi,maya.rossi21@demo.io,2024-11-11,FR
22,Riley Lopez,riley.lopez22@demo.io,2025-01-31,PL
23,Lior Smith,lior.smith23@sample.org,2024-11-10,GB
24,Reese Nguyen,reese.nguyen24@quikmail.dev,2024-10-03,KR
25,Rana Nguyen,rana.nguyen25@quikmail.dev,2024-11-18,PL
26,Asa Yamada,asa.yamada26@quikmail.dev,2024-09-05,NO
27,Leila Aziz,leila.aziz27@mail.test,2024-08-29,DE
28,Ines Patel,ines.patel28@example.com,2024-12-31,AU
29,Ren Ito,ren.ito29@quikmail.dev,2024-11-28,TR
30,Ines Saeed,ines.saeed30@example.com,2025-01-22,US
31,Nora Ali,nora.ali31@demo.io,2025-02-13,CN
32,Avery Pham,avery.pham32@sample.org,2024-09-10,AU
33,Alex Clark,alex.clark33@mail.test,2024-12-07,CN
34,Yusuf Hopper,yusuf.hopper34@quikmail.dev,2025-01-11,IN
35,Aya Garcia,aya.garcia35@mail.test,2024-11-04,KR
36,Rana King,rana.king36@quikmail.dev,2024-08-01,NL
37,Mei Ahmed,mei.ahmed37@demo.io,2024-08-29,US
38,Eli Lee,eli.lee38@quikmail.dev,2024-10-01,DE
39,Morgan Aziz,morgan.aziz39@quikmail.dev,2024-08-18,GB
40,Otis Olsen,otis.olsen40@sample.org,2025-01-16,KR
41,Idris Patel,idris.patel41@quikmail.dev,2024-12-14,CN
42,Bo Lopez,bo.lopez42@mail.test,2025-02-10,SE
43,Ada Do,ada.do43@demo.io,2025-01-19,ES
44,Lin Mahmoud,lin.mahmoud44@mail.test,2024-08-31,CA
45,Maya Park,maya.park45@quikmail.dev,2024-08-06,FR
46,Idris Kim,idris.kim46@example.com,2024-09-26,PL
47,Riley Taylor,riley.taylor47@example.com,2024-09-28,DE
48,Jordan Suzuki,jordan.suzuki48@mail.test,2024-12-10,IT
49,Tara Johnson,tara.johnson49@quikmail.dev,2024-09-24,GB
50,Quinn Clark,quinn.clark50@sample.org,2024-12-26,PL
51,Ari Khan,ari.khan51@example.com,2024-09-18,AU
52,Drew Johnson,drew.johnson52@sample.org,2024-10-30,AU
53,Jia Kato,jia.kato53@example.com,2025-01-20,DE
54,Casey Watanabe,casey.watanabe54@mail.test,2024-08-28,FR
55,Noa Garcia,noa.garcia55@mail.test,2024-11-23,SE
56,Bo Singh,bo.singh56@mail.test,2024-11-27,CN
57,Riley Saito,riley.saito57@example.com,2024-08-26,SE
58,Mia Ali,mia.ali58@mail.test,2024-08-24,US
59,Sasha Inoue,sasha.inoue59@mail.test,2024-12-02,GB
60,Asa Silva,asa.silva60@example.com,2024-11-06,EG
61,Ren Nguyen,ren.nguyen61@sample.org,2024-10-13,CA
62,Theo Clark,theo.clark62@sample.org,2025-01-17,SE
63,Reese Garcia,reese.garcia63@example.com,2024-09-25,IN
64,Tariq Hall,tariq.hall64@demo.io,2024-08-16,SE
65,Casey Silva,casey.silva65@quikmail.dev,2024-12-01,PL
66,Amir Patel,amir.patel66@example.com,2024-12-09,DE
67,Kai Park,kai.park67@mail.test,2024-08-18,TR
68,Asa Tanaka,asa.tanaka68@quikmail.dev,2024-10-03,PL
69,Aya Rossi,aya.rossi69@sample.org,2024-08-21,TR
70,Liam Nadia,liam.nadia70@demo.io,2024-12-12,PL
71,Ines Lopez,ines.lopez71@demo.io,2024-10-01,FR
72,Asa Olsen,asa.olsen72@demo.io,2024-11-26,IN
73,Eva Park,eva.park73@quikmail.dev,2024-11-26,US
74,Selma Hopper,selma.hopper74@mail.test,2024-12-16,IT
75,Yusuf Nguyen,yusuf.nguyen75@example.com,2024-10-29,KR
76,Ari Yamada,ari.yamada76@sample.org,2024-09-10,IN
77,Rana Taylor,rana.taylor77@quikmail.dev,2025-01-04,IN
78,Alex Johnson,alex.johnson78@example.com,2024-10-16,SE
79,Quinn Nguyen,quinn.nguyen79@quikmail.dev,2024-08-28,BR
80,Reese Tran,reese.tran80@mail.test,2025-01-02,IN
81,Ada Suzuki,ada.suzuki81@demo.io,2025-01-23,JP
82,Yusuf Ahmed,yusuf.ahmed82@example.com,2024-08-14,CN
83,Ines Maruyama,ines.maruyama83@example.com,2024-08-12,CN
84,Yuna King,yuna.king84@demo.io,2025-01-11,KR
85,Sasha Hall,sasha.hall85@sample.org,2024-12-20,CA
86,Idris Chen,idris.chen86@mail.test,2024-08-20,BR
87,Rana Rossi,rana.rossi87@quikmail.dev,2024-12-28,MX
88,Reese Maruyama,reese.maruyama88@demo.io,2024-08-11,KR
89,Sho Rossi,sho.rossi89@mail.test,2024-09-23,MX
90,Liam Hopper,liam.hopper90@quikmail.dev,2025-02-16,MX
91,Jia Yara,jia.yara91@mail.test,2024-09-30,KR
92,Kai Inoue,kai.inoue92@demo.io,2024-09-15,US
93,Jia Johnson,jia.johnson93@mail.test,2024-10-08,NO
94,Theo Hopper,theo.hopper94@sample.org,2024-08-10,ES
95,Maya Garcia,maya.garcia95@demo.io,2024-10-29,CA
96,Maya Kim,maya.kim96@mail.test,2025-01-16,US
97,Asa Suzuki,asa.suzuki97@demo.io,2024-08-18,CN
98,Hana Smith,hana.smith98@quikmail.dev,2024-11-11,NL
99,Yuna Müller,yuna.müller99@mail.test,2024-10-06,BR
100,Tariq Nguyen,tariq.nguyen100@quikmail.dev,2024-08-28,DE
101,Bo Kobayashi,bo.kobayashi101@quikmail.dev,2024-11-20,FR
102,Yusuf Tanaka,yusuf.tanaka102@mail.test,2024-12-26,ES
103,Ines Rossi,ines.rossi103@quikmail.dev,2024-08-01,AU
104,Rana Wilson,rana.wilson104@sample.org,2024-11-02,JP
105,Riley Johnson,riley.johnson105@demo.io,2025-01-07,FR
106,Liam Tanaka,liam.tanaka106@demo.io,2024-12-08,IN
107,Liam Inoue,liam.inoue107@demo.io,2024-11-12,FR
108,Idris Olsen,idris.olsen108@sample.org,2024-11-16,JP
109,Nora Hall,nora.hall109@quikmail.dev,2025-01-05,EG
110,Eli Watanabe,eli.watanabe110@demo.io,2024-08-01,SE
111,Niko Lopez,niko.lopez111@quikmail.dev,2024-12-27,AU
112,Mia Sato,mia.sato112@sample.org,2024-11-22,CA
113,Nora Lopez,nora.lopez113@mail.test,2024-11-30,NL
114,Liam Aziz,liam.aziz114@quikmail.dev,2024-12-10,IN
115,Yuna Aziz,yuna.aziz115@demo.io,2025-01-20,NO
116,Maya Garcia,maya.garcia116@example.com,2024-08-07,KR
117,Ari Khan,ari.khan117@example.com,2025-02-13,TR
118,Anya Inoue,anya.inoue118@sample.org,2024-09-19,PL
119,Leila Watanabe,leila.watanabe119@example.com,2024-09-07,NO
120,Eva King,eva.king120@sample.org,2025-02-16,BR
121,Maya Singh,maya.singh121@example.com,2024-11-27,NL
122,Idris Lee,idris.lee122@mail.test,2024-11-25,BR
123,Anya Johnson,anya.johnson123@quikmail.dev,2024-12-22,NL
124,Mei Young,mei.young124@quikmail.dev,2025-01-04,CA
125,Bo Saeed,bo.saeed125@sample.org,2024-09-10,CA
126,Lin Nguyen,lin.nguyen126@demo.io,2025-01-11,NO
127,Otis King,otis.king127@mail.test,2024-12-03,NL
128,Tara Saito,tara.saito128@demo.io,2025-01-30,IT
129,Ari Tran,ari.tran129@quikmail.dev,2024-10-21,FR
130,Morgan Olsen,morgan.olsen130@sample.org,2024-09-29,KR
131,Theo Wei,theo.wei131@sample.org,2024-08-17,JP
132,Jia Suzuki,jia.suzuki132@sample.org,2024-11-28,SE
133,Casey Lopez,casey.lopez133@quikmail.dev,2024-11-08,AU
134,Theo Müller,theo.müller134@sample.org,2024-11-06,PL
135,Alex Kobayashi,alex.kobayashi135@sample.org,2025-02-09,IN
136,Jia Ali,jia.ali136@mail.test,2025-01-02,SE
137,Leila Kim,leila.kim137@sample.org,2024-11-20,CN
138,Sam Ito,sam.ito138@sample.org,2025-01-19,FR
139,Otto Patel,otto.patel139@quikmail.dev,2024-09-02,CA
140,Rana Müller,rana.müller140@quikmail.dev,2024-12-30,ES
141,Liam Müller,liam.müller141@sample.org,2025-01-12,IT
142,Quinn Kato,quinn.kato142@demo.io,2024-08-13,EG
143,Ren Sato,ren.sato143@demo.io,2024-11-25,JP
144,Yuna Young,yuna.young144@sample.org,2024-10-11,ES
145,Ines Aziz,ines.aziz145@quikmail.dev,2024-08-05,GB
146,Casey Kobayashi,casey.kobayashi146@example.com,2025-01-14,NO
147,Otis Smith,otis.smith147@example.com,2025-02-10,DE
148,Ari Garcia,ari.garcia148@mail.test,2025-01-07,US
149,Ari Olsen,ari.olsen149@example.com,2025-01-19,GB
150,Selma Lopez,selma.lopez150@demo.io,2025-01-27,CA
151,Otis Yamada,otis.yamada151@quikmail.dev,2025-01-03,EG
152,Luz Taylor,luz.taylor152@mail.test,2025-02-16,BR
153,Eli Hopper,eli.hopper153@demo.io,2024-08-07,PL
154,Selma Wilson,selma.wilson154@mail.test,2024-11-10,ES
155,Riley Nadia,riley.nadia155@demo.io,2024-08-27,NO
156,Nora Samir,nora.samir156@example.com,2024-12-23,BR
157,Hana Ali,hana.ali157@demo.io,2025-01-17,AU
158,Riley Hassan,riley.hassan158@sample.org,2024-08-04,FR
159,Leila Hopper,leila.hopper159@sample.org,2024-11-01,AU
160,Ada Wei,ada.wei160@quikmail.dev,2024-09-15,AU
161,Mia Tran,mia.tran161@sample.org,2024-12-16,TR
162,Anya Maruyama,anya.maruyama162@demo.io,2024-10-08,PL
163,Ari Aziz,ari.aziz163@mail.test,2024-11-24,CN
164,Eva Kato,eva.kato164@sample.org,2025-01-04,PL
165,Yuna Müller,yuna.müller165@mail.test,2024-10-23,GB
166,Leila Lopez,leila.lopez166@demo.io,2024-10-06,MX
167,Tara Samir,tara.samir167@example.com,2024-12-21,CN
168,Amir Garcia,amir.garcia168@sample.org,2024-10-01,IT
169,Leila Saeed,leila.saeed169@sample.org,2025-01-24,NO
170,Mia Taylor,mia.taylor170@example.com,2024-11-23,GB
171,Morgan Pham,morgan.pham171@mail.test,2024-11-12,NO
172,Eli Johnson,eli.johnson172@sample.org,2024-11-03,PL
173,Idris Mahmoud,idris.mahmoud173@quikmail.dev,2024-11-17,MX
174,Yuna Kobayashi,yuna.kobayashi174@demo.io,2024-10-09,CA
175,Ines Kim,ines.kim175@mail.test,2025-02-01,BR
176,Mei Tanaka,mei.tanaka176@mail.test,2025-02-12,SE
177,Noa Lopez,noa.lopez177@quikmail.dev,2024-10-10,GB
178,Eva Mahmoud,eva.mahmoud178@example.com,2024-10-12,TR
179,Noa Pham,noa.pham179@mail.test,2024-11-01,NO
180,Eli Chen,eli.chen180@demo.io,2024-09-02,SE
181,Jordan Silva,jordan.silva181@mail.test,2024-10-14,SE
182,Ines Young,ines.young182@example.com,2024-08-27,GB
183,Selma Pham,selma.pham183@sample.org,2024-12-01,GB
184,Yuna Singh,yuna.singh184@sample.org,2024-10-04,DE
185,Avery Park,avery.park185@example.com,2024-12-04,ES
186,Selma Brown,selma.brown186@mail.test,2024-09-08,DE
187,Selma Do,selma.do187@example.com,2024-10-03,IT
188,Idris Young,idris.young188@quikmail.dev,2025-01-03,AU
189,Kareem Kim,kareem.kim189@sample.org,2024-11-06,NL
190,Lin Do,lin.do190@demo.io,2024-11-18,PL
191,Selma Yara,selma.yara191@example.com,2025-01-04,DE
192,Eva Lopez,eva.lopez192@example.com,2024-10-07,JP
193,Sasha Lee,sasha.lee193@example.com,2024-12-20,EG
194,Sasha Chen,sasha.chen194@quikmail.dev,2024-11-24,AU
195,Omar Pham,omar.pham195@demo.io,2024-09-29,DE
196,Ada Pham,ada.pham196@mail.test,2024-08-19,CA
197,Ines Brown,ines.brown197@mail.test,2025-01-17,PL
198,Bo Tanaka,bo.tanaka198@mail.test,2024-09-27,SE
199,Tara Wei,tara.wei199@mail.test,2024-08-16,IT
200,Eli Samir,eli.samir200@sample.org,2024-10-13,PL
